-- phpMyAdmin SQL Dump
-- version 4.8.4
-- https://www.phpmyadmin.net/
--
-- Hôte : 127.0.0.1:3308
-- Généré le :  jeu. 25 avr. 2019 à 12:07
-- Version du serveur :  5.7.24
-- Version de PHP :  7.3.1

SET SQL_MODE = "NO_AUTO_VALUE_ON_ZERO";
SET AUTOCOMMIT = 0;
START TRANSACTION;
SET time_zone = "+00:00";


/*!40101 SET @OLD_CHARACTER_SET_CLIENT=@@CHARACTER_SET_CLIENT */;
/*!40101 SET @OLD_CHARACTER_SET_RESULTS=@@CHARACTER_SET_RESULTS */;
/*!40101 SET @OLD_COLLATION_CONNECTION=@@COLLATION_CONNECTION */;
/*!40101 SET NAMES utf8mb4 */;

--
-- Base de données :  `blog`
--

-- --------------------------------------------------------

--
-- Structure de la table `article`
--

DROP TABLE IF EXISTS `article`;
CREATE TABLE IF NOT EXISTS `article` (
  `id` int(11) NOT NULL AUTO_INCREMENT,
  `title` varchar(255) COLLATE utf8mb4_unicode_ci NOT NULL,
  `content` longtext COLLATE utf8mb4_unicode_ci NOT NULL,
  `created_at` datetime NOT NULL,
  `category_id` int(11) NOT NULL,
  `image_id` int(11) DEFAULT NULL,
  `user_id` int(11) NOT NULL,
  PRIMARY KEY (`id`),
  UNIQUE KEY `UNIQ_23A0E663DA5256D` (`image_id`),
  KEY `IDX_23A0E6612469DE2` (`category_id`)
) ENGINE=InnoDB AUTO_INCREMENT=94 DEFAULT CHARSET=utf8mb4 COLLATE=utf8mb4_unicode_ci;

--
-- Déchargement des données de la table `article`
--

INSERT INTO `article` (`id`, `title`, `content`, `created_at`, `category_id`, `image_id`, `user_id`) VALUES
(63, 'Delectus dolore voluptas eaque necessitatibus delectus excepturi.', '<p>Quam quasi voluptatibus corrupti molestiae iste sapiente pariatur et. Voluptatibus veritatis nihil tempore tempore molestiae ut repellat. Dolore voluptatibus minus expedita. Possimus maxime vitae consectetur dolor odit accusamus quia aliquid.</p><p>Explicabo vel minima ut ut saepe est. Nostrum et est et omnis. Ea exercitationem sunt et architecto iste.</p><p>Quidem maiores totam quo hic. Qui nobis aut aliquid aliquid. Vel fuga voluptas unde voluptate molestiae laboriosam debitis. Voluptatem iusto in qui qui consectetur asperiores qui autem. Ad labore eaque rerum doloremque illo ut fugit et.</p><p>Quasi ad aperiam cupiditate architecto. Omnis sint aut assumenda eos. Expedita nostrum qui molestias iure sint et.</p><p>Et dolores neque velit asperiores ut. Aut expedita et possimus quo officiis ea. Voluptatibus ut iusto distinctio rerum velit laudantium. Alias non in laboriosam. Sed consequuntur atque ut incidunt minus repellat.</p>', '2019-01-27 00:49:26', 13, NULL, 37),
(64, 'Rerum sit rerum fugiat nobis non aut earum.', '<p>Est sequi cum minus. Id facere eum provident ea saepe quia. Eum aut laudantium reprehenderit sed minus doloremque quaerat.</p><p>Aperiam veniam voluptatibus vitae debitis quia. Voluptas minima similique quae illo enim. Qui tempora dolores ut et non. Porro nemo ducimus voluptas occaecati doloremque.</p><p>Soluta sint hic dicta velit. Minima mollitia ipsum quia commodi. Qui qui est praesentium debitis voluptates. Quas id laborum quam fugit nobis magni assumenda dolorem.</p><p>Sunt sit quae voluptates et sapiente. Ut iure id quis quia. Illum totam id impedit.</p><p>Eligendi quos cum ratione autem enim debitis autem. Quia distinctio aut facilis aspernatur non earum quia. Ab veritatis error maiores omnis sint tempora ut.</p>', '2019-03-21 15:30:03', 13, NULL, 37),
(65, 'Ducimus repudiandae a tempore.', '<p>Non ullam ducimus sit est. Quod quibusdam tempora cumque. Quis omnis nesciunt delectus. Magnam quam debitis quas sed aut.</p><p>Ipsa beatae illo voluptas quis accusantium. Deserunt doloribus voluptate voluptatem quae consequatur magni. Laudantium quas autem voluptatibus voluptatibus temporibus odit. Eos illum voluptates laborum vel vitae at minus. Voluptatem aut voluptatem doloremque odio quia ut voluptate.</p><p>Tempore eum qui aperiam sed commodi sit. Modi aut similique rerum qui. Quasi hic blanditiis alias aut ipsum dolorum tempora. Ut libero eligendi earum aperiam odit quo beatae. Occaecati eos quisquam qui omnis.</p><p>Qui est consequuntur voluptas sed. Sit recusandae animi est impedit. Ut aperiam et quo cum nihil. Amet consectetur repellendus consequatur et perspiciatis aut.</p><p>Necessitatibus repellat dignissimos in. Repellendus odit quia ipsum et aut excepturi. Est explicabo omnis eius nihil saepe iusto exercitationem.</p>', '2019-01-16 08:23:07', 13, NULL, 37),
(66, 'Vitae et ut voluptatibus quam id.', '<p>Accusamus velit laboriosam qui doloribus est quia in. Quia fuga quam non aliquid cumque incidunt. Est ratione et earum voluptatum velit blanditiis quibusdam eaque. Voluptas itaque aut quia voluptas at necessitatibus. Cumque dignissimos numquam vel.</p><p>Odio nesciunt velit quo quo omnis aut qui. Rerum laboriosam repellat neque. Enim temporibus recusandae sit molestias. Et enim explicabo cumque et et.</p><p>Adipisci nemo id sequi. Impedit consequatur in sed non veniam reiciendis repudiandae. Perspiciatis sed sunt nobis adipisci.</p><p>Assumenda alias ratione consequuntur. Impedit sit possimus ducimus voluptates. Quos iure aut molestiae et deserunt dolore sed. Labore sit sunt vero magnam laboriosam.</p><p>Praesentium sit molestias autem reiciendis cupiditate perferendis. Ut nesciunt soluta ullam asperiores id dolore. Laborum laudantium deleniti et dicta consequatur. Iste autem aut qui.</p>', '2018-11-07 04:20:50', 13, NULL, 37),
(67, 'Voluptates expedita et fugit quia laudantium.', '<p>Et voluptas aut ipsum et. Et provident molestias aut sunt esse. Amet eius laboriosam quaerat dolores cupiditate nihil neque.</p><p>Suscipit ex inventore occaecati placeat quibusdam nostrum. Quia rerum esse ea voluptates tempora alias.</p><p>Deserunt quasi voluptas illo aut quibusdam harum ratione sed. Sit voluptatibus ex vitae enim. Consequatur molestiae officia harum id magni molestias sit.</p><p>Temporibus modi perferendis quidem rerum totam odio provident. Laborum expedita adipisci amet sequi tenetur repellendus. Nisi repellendus occaecati beatae.</p><p>Voluptatem sed necessitatibus veniam voluptatem vitae. Ratione explicabo aliquid alias molestiae ipsa error dicta et. Sit eum nesciunt sit iure nemo natus sed quod. Voluptas et sapiente nobis sit nihil.</p>', '2019-03-29 18:28:58', 13, NULL, 37),
(68, 'Dolorum fuga deserunt non.', '<p>Voluptatum praesentium magnam in accusamus id nihil. Consequuntur vel ea voluptas.</p><p>Explicabo provident est suscipit laborum sed. Consequatur ut et cumque tenetur corporis.</p><p>Ea dolore voluptatem neque maiores alias. Optio optio cupiditate necessitatibus deserunt provident qui. Voluptas veritatis ut molestiae corrupti nesciunt.</p><p>Blanditiis nisi et consequatur incidunt officia voluptas sed. Et quia consectetur molestiae ipsam nobis. Veniam ad quidem est.</p><p>Fuga aut architecto esse dolores qui perspiciatis quo. Qui quo iure provident dolor molestiae id.</p>', '2018-11-21 11:48:33', 13, NULL, 37),
(69, 'Accusantium distinctio aut ea earum.', '<p>Voluptas a similique omnis impedit sint voluptates consectetur consequatur. Quidem sed sit maxime tenetur. Autem est sed nam expedita eius.</p><p>Ab est autem quia et voluptatum ut. Nemo labore debitis in assumenda qui quaerat.</p><p>Facilis ratione laudantium fugit. Qui aliquid recusandae eveniet rerum. Accusantium itaque optio aut ut sunt placeat.</p><p>Tempora magnam quis rerum est eum porro dolorem. Provident dolores quia placeat labore. Temporibus eligendi voluptatum nulla ea est. Laudantium eum et expedita impedit delectus molestiae.</p><p>Praesentium et vitae dolorum consequatur. Sequi aut blanditiis eos rem. Aliquam officiis et odit eum dignissimos dolorem.</p>', '2018-12-22 11:25:23', 14, NULL, 37),
(70, 'Maxime accusamus eos aut ex consequatur aut.', '<p>Incidunt et eum tenetur architecto fugit eos. Perspiciatis ea quas aut voluptatibus quo. Voluptatem laborum in impedit eos cupiditate. Sit amet eum blanditiis qui dignissimos dolore rem nobis.</p><p>Quo repudiandae recusandae minus doloribus et. Voluptate expedita voluptatem molestiae adipisci. Perferendis non earum voluptatem similique consequatur at dolorem at.</p><p>Qui sapiente aut soluta aut. Accusamus dignissimos nihil debitis et. Aut rerum sunt molestias rerum et voluptatibus. Voluptas adipisci at vitae minima iusto rem soluta. Autem ipsum vero ducimus odit quas id nisi assumenda.</p><p>Quis est animi quas assumenda quia animi. Maiores architecto aut consequatur et sed enim. Eos reiciendis quod nihil sequi vero qui fugiat enim.</p><p>Voluptatibus sequi laborum et et quasi. Voluptas repellat consequatur deserunt deserunt. Assumenda consequatur in fugit et recusandae laborum. Libero assumenda aliquam a beatae repudiandae dignissimos.</p>', '2018-12-24 15:25:06', 14, NULL, 37),
(71, 'Qui sit quam est.', '<p>Accusamus pariatur laudantium quos laborum et occaecati voluptas. Molestias facilis in autem dicta laborum eaque voluptates. Quae sunt doloribus quia et harum quisquam laboriosam.</p><p>Ipsa aut totam laboriosam doloremque. Nihil voluptates voluptatum commodi quia. Aspernatur dolores vitae natus eos dolore quas mollitia. Animi consequuntur ducimus vel incidunt.</p><p>Nihil quia provident tenetur repudiandae. Consequuntur rerum dolorum deleniti repellat quaerat voluptatem. Eum in nulla tempore.</p><p>Magnam voluptates quia nihil et. Quasi quia ut necessitatibus corrupti odit consequatur. Similique soluta assumenda ratione in ullam velit laudantium.</p><p>Quo repellat quia itaque vero quisquam quidem ea mollitia. Sed architecto quasi rerum praesentium. Non dolor dolor non pariatur modi.</p>', '2019-03-13 12:11:50', 14, NULL, 37),
(72, 'Sint assumenda incidunt sed.', '<p>Ad cum harum maxime dignissimos maiores. Corporis et eum id pariatur molestias asperiores perferendis. Voluptate temporibus enim placeat eaque natus. Libero iusto voluptas et mollitia sed tempore.</p><p>Soluta similique fugit illo nulla nihil porro. Iure earum veniam odio quos eos porro aliquid. Eos ratione quo quaerat quidem. Dolores nulla quibusdam quia laborum sint.</p><p>Nemo culpa vero autem quae quisquam numquam nobis. Reiciendis saepe voluptatem laboriosam odit. At culpa et eum repellendus facilis.</p><p>Quos id rerum quia iste distinctio aut. Consequatur harum dicta aut rerum. Velit aliquid possimus ut odit qui. Dolore fuga nihil alias sit maxime.</p><p>Delectus tempora dolores quia id eos eius. Aliquam vitae est eos assumenda nam. Error laborum debitis perferendis labore reprehenderit sit dolorem aut. Soluta perferendis et dolores.</p>', '2018-12-21 21:48:26', 14, NULL, 37),
(73, 'Sed rerum et libero dolorem dicta voluptate laudantium.', '<p>Dolor provident omnis enim corrupti mollitia amet ipsa. Voluptas nihil exercitationem qui. Dignissimos ipsa provident adipisci velit sed molestiae consectetur. Dolores harum tempora consectetur porro et reprehenderit aliquam.</p><p>Omnis ut quasi tempora iste facilis nostrum. Reiciendis earum velit est culpa modi.</p><p>Ut iste veniam aut quibusdam et quis doloremque ad. Dolorum enim et aut ut quia rem facere. Eligendi dolore magnam sint deserunt quas. Enim ut laborum facilis voluptas quaerat ut optio.</p><p>Quisquam dolorum reprehenderit deleniti esse dolorem cum dolores ab. Sit error et perferendis et iusto voluptas. Explicabo maxime ab dicta laborum architecto repudiandae sed. Accusamus laboriosam velit occaecati. Quaerat culpa quae eum voluptatibus expedita delectus.</p><p>Ea molestiae ut ut molestiae et ipsum sint. Ipsa sint quam sequi aut deserunt. Nihil facere esse voluptas dolorem.</p>', '2018-11-24 21:45:45', 14, NULL, 37),
(74, 'Numquam sint quas et voluptas.', '<p>Soluta aliquid eveniet ex. Dolores ad neque quisquam iste amet. Harum iure omnis minus fugit veritatis earum qui. Autem unde eligendi culpa quo.</p><p>Adipisci minima temporibus impedit iure maxime accusamus quaerat. Et hic deserunt laborum beatae quasi voluptas ratione.</p><p>Debitis labore repellendus vero eaque quam eligendi illo. Ut at atque delectus quas dolore. Dicta repellendus blanditiis praesentium odio doloremque.</p><p>Hic blanditiis dolorum temporibus ipsum quaerat doloribus. Placeat mollitia ut unde fugit molestiae esse. Est in laudantium est sequi quidem est exercitationem aut. Perspiciatis voluptatem et cupiditate alias quas quia.</p><p>Qui et accusamus quis maiores. Qui eos quos cupiditate alias adipisci culpa. Tenetur delectus sapiente numquam harum quia quibusdam libero quae.</p>', '2018-12-24 05:36:24', 14, NULL, 37),
(75, 'Autem odit corporis sed molestiae quod expedita molestiae nemo.', '<p>Odit et ut sunt. Rerum rerum eos illo repellat cum qui excepturi deserunt. Deserunt et ipsum odio. Fuga et rem repellat consequatur minus et.</p><p>Non at quibusdam et excepturi. Nisi eaque est doloribus voluptate. Adipisci voluptate dolor quo eum et dolores odio voluptas. Voluptas minima totam harum suscipit architecto.</p><p>Rerum fugiat aspernatur voluptatem ipsam est sit. Odio culpa quas maiores aut consequuntur nisi eveniet. Sequi illum culpa ipsam exercitationem vero veritatis est qui.</p><p>Id qui iste ipsum expedita quas delectus et. Nihil sed in minus animi quam illum voluptate. Magni et reprehenderit aspernatur laudantium. Occaecati minima voluptatem ut omnis perspiciatis molestiae. Enim et dolore quis repellendus beatae sint est.</p><p>Iusto magnam distinctio quo cum non. Alias enim rerum beatae nulla porro sed. Quis ratione ex laboriosam atque.</p>', '2019-03-08 15:10:04', 15, NULL, 37),
(76, 'Perspiciatis dolorem porro iste non.', '<p>Et inventore dicta repellat in voluptatem. Dolorum magni neque neque fugiat sint aut quo. Iste molestiae sint quo animi et et vel doloribus. Qui excepturi et unde sunt officia ad. Eos aspernatur et laudantium quidem porro repudiandae et.</p><p>Alias tempore accusamus provident dolorum. Ut ea ad fuga nisi at. Dolor tempora dolor sunt est culpa voluptatum.</p><p>Hic enim dolores at voluptas nemo. Voluptate in dolore et velit dicta fuga doloribus. Et nobis doloremque unde quo nemo dicta minus. Et ratione dicta recusandae ab autem animi commodi quisquam. Impedit facilis quaerat nihil incidunt itaque eveniet.</p><p>Quas magni sed at aut et nulla voluptas. Animi excepturi eos ut quasi placeat hic sed. Nemo magni quos eveniet impedit voluptatem voluptas repellendus.</p><p>Vel quo cumque amet earum. Adipisci libero corporis doloremque ex et possimus doloribus.</p>', '2018-12-15 15:49:53', 15, NULL, 37),
(77, 'Nihil et esse voluptatibus.', '<p>Ea rem ut modi. Consequatur cumque non dolore omnis dolorem fugiat qui occaecati. Porro cum placeat qui non est rerum. Et et repudiandae aut magnam illum quibusdam veniam.</p><p>Eum quam repellendus sit quia minima omnis eos maxime. Rem quasi fugiat placeat.</p><p>Deleniti nihil aliquam quo dolor quis. Omnis sed debitis assumenda non. Veniam omnis eum et voluptatem. Quia ut hic quo velit laborum ea non.</p><p>Voluptatibus molestiae omnis laudantium quia et rerum. Illum esse omnis sunt et libero fuga aut. Minima sit occaecati molestias voluptatum sequi omnis et.</p><p>Rerum voluptas aliquam consequatur in. Ut distinctio voluptatem tempora illo. Porro assumenda et explicabo rerum.</p>', '2019-02-17 20:59:52', 15, NULL, 37),
(78, 'Facilis pariatur autem doloremque adipisci iste et qui.', '<p>Aut ipsam rem qui nesciunt non. Voluptatem deleniti enim et nulla nihil consequatur. Veniam aut non adipisci. Et odit debitis velit eaque exercitationem veniam hic.</p><p>Ipsa odit tempora laborum autem alias expedita. Eligendi corporis ipsum molestiae. Molestias voluptatum sed et nemo.</p><p>Ad repellat hic qui consequatur. Sit repellendus accusantium fugiat illo consequuntur. Repudiandae omnis quod iure ab. Accusantium fuga sit quibusdam ab illum ducimus.</p><p>Deleniti ea eius hic quia ratione libero ipsam dolor. Magnam ea sequi totam fugiat facere reiciendis facilis. Sequi eos molestias quo et dolorem qui. Atque error velit cumque quae et eum molestiae.</p><p>Distinctio a nam ut aliquam veritatis. Dolor dignissimos tempora aliquam saepe. Iusto voluptatem dicta ut ut. Eveniet omnis soluta laborum ullam qui at at hic.</p>', '2019-02-23 16:34:08', 15, NULL, 37);

-- --------------------------------------------------------

--
-- Structure de la table `article_like`
--

DROP TABLE IF EXISTS `article_like`;
CREATE TABLE IF NOT EXISTS `article_like` (
  `id` int(11) NOT NULL AUTO_INCREMENT,
  `article_id` int(11) DEFAULT NULL,
  `user_id` int(11) DEFAULT NULL,
  PRIMARY KEY (`id`),
  KEY `IDX_1C21C7B27294869C` (`article_id`),
  KEY `IDX_1C21C7B2A76ED395` (`user_id`)
) ENGINE=InnoDB AUTO_INCREMENT=338 DEFAULT CHARSET=utf8mb4 COLLATE=utf8mb4_unicode_ci;

--
-- Déchargement des données de la table `article_like`
--

INSERT INTO `article_like` (`id`, `article_id`, `user_id`) VALUES
(274, 63, 28),
(275, 63, 28),
(276, 63, 35),
(277, 63, 36),
(278, 63, 28),
(279, 64, 37),
(280, 64, 36),
(281, 64, 29),
(282, 66, 28),
(283, 66, 30),
(284, 66, 30),
(285, 66, 28),
(286, 66, 36),
(287, 67, 28),
(288, 67, 28),
(289, 67, 32),
(290, 67, 37),
(291, 67, 33),
(292, 68, 36),
(293, 68, 29),
(294, 68, 31),
(295, 68, 32),
(296, 68, 37),
(297, 69, 28),
(298, 69, 35),
(299, 69, 28),
(300, 70, 30),
(301, 71, 32),
(302, 71, 30),
(303, 71, 34),
(304, 71, 35),
(305, 71, 34),
(306, 72, 35),
(307, 72, 37),
(308, 72, 34),
(309, 72, 36),
(310, 72, 36),
(311, 72, 34),
(312, 73, 35),
(313, 73, 28),
(314, 73, 33),
(315, 74, 28),
(316, 74, 31),
(317, 74, 33),
(318, 74, 37),
(319, 74, 28),
(320, 75, 30),
(321, 75, 37),
(322, 75, 28),
(323, 75, 30),
(324, 75, 32),
(325, 76, 29),
(326, 76, 37),
(327, 76, 37),
(328, 76, 32),
(329, 76, 30),
(330, 76, 36),
(331, 77, 28),
(332, 77, 35),
(333, 77, 29),
(334, 77, 32),
(335, 77, 28),
(336, 77, 30),
(337, 78, 30);

-- --------------------------------------------------------

--
-- Structure de la table `category`
--

DROP TABLE IF EXISTS `category`;
CREATE TABLE IF NOT EXISTS `category` (
  `id` int(11) NOT NULL AUTO_INCREMENT,
  `title` varchar(255) COLLATE utf8mb4_unicode_ci NOT NULL,
  `description` longtext COLLATE utf8mb4_unicode_ci,
  PRIMARY KEY (`id`)
) ENGINE=InnoDB AUTO_INCREMENT=19 DEFAULT CHARSET=utf8mb4 COLLATE=utf8mb4_unicode_ci;

--
-- Déchargement des données de la table `category`
--

INSERT INTO `category` (`id`, `title`, `description`) VALUES
(13, 'Dolor deserunt eius quia temporibus unde vel.', 'Consectetur quia dicta odio qui deserunt enim voluptas. Dolor provident unde molestiae doloribus enim eos quam aut. Facilis expedita et provident impedit voluptatum. Labore qui minus quaerat ut minus ut. Vero culpa aliquam voluptatum nisi.'),
(14, 'Maxime perferendis et rerum omnis aut et.', 'Unde ut occaecati dolores nisi. Quo magni totam aut.'),
(15, 'Facere accusamus et sapiente est.', 'Rerum quos corporis laboriosam. Sint recusandae pariatur consequatur ex dicta magni. Aut laborum suscipit deserunt ut aut consequatur.');

-- --------------------------------------------------------

--
-- Structure de la table `comment`
--

DROP TABLE IF EXISTS `comment`;
CREATE TABLE IF NOT EXISTS `comment` (
  `id` int(11) NOT NULL AUTO_INCREMENT,
  `article_id` int(11) NOT NULL,
  `author` varchar(255) COLLATE utf8mb4_unicode_ci NOT NULL,
  `content` longtext COLLATE utf8mb4_unicode_ci NOT NULL,
  `created_at` datetime NOT NULL,
  PRIMARY KEY (`id`),
  KEY `IDX_9474526C7294869C` (`article_id`)
) ENGINE=InnoDB AUTO_INCREMENT=348 DEFAULT CHARSET=utf8mb4 COLLATE=utf8mb4_unicode_ci;

--
-- Déchargement des données de la table `comment`
--

INSERT INTO `comment` (`id`, `article_id`, `author`, `content`, `created_at`) VALUES
(254, 63, 'Joséphine Da Costa', '<p>Neque rerum unde nihil officia sequi molestiae et. Dolores corporis asperiores aut quas. Id rerum sint omnis voluptatem deleniti voluptatem beatae. Sed aperiam voluptate perferendis pariatur magni eveniet et. Veritatis blanditiis ad eum perferendis eligendi voluptas est.</p><p>Alias mollitia voluptas reiciendis id. Culpa non nihil quae voluptatem dolor. Voluptates repudiandae et ad autem ut suscipit aut. Ipsum ratione odit voluptate ab laborum sit quidem eos.</p>', '2019-01-28 11:09:14'),
(255, 63, 'Alex Lesage-Didier', '<p>Maiores ex voluptates nisi non veniam non. Sed qui exercitationem sunt harum.</p><p>Ducimus omnis rem aut reiciendis. Omnis et vel doloremque corrupti.</p>', '2019-03-20 10:37:15'),
(256, 63, 'David Pasquier', '<p>Consequatur tempore ut nisi sed. Quis et nesciunt et. Dolores molestias sed asperiores et facilis rem aut.</p><p>Tenetur molestiae quo delectus inventore dolorem. Ex doloribus placeat quibusdam minus. Facere quibusdam recusandae et sunt maiores provident.</p>', '2019-02-24 04:29:18'),
(257, 63, 'François Giraud', '<p>Reprehenderit aut adipisci quod explicabo dicta. Ullam laudantium fugit cumque ut et omnis. Veniam dolorem est culpa nobis.</p><p>Sint repudiandae quo fuga. Odit eos dolor error vitae.</p>', '2019-02-15 05:33:56'),
(258, 63, 'Margot-Sylvie Cohen', '<p>Consequatur eum ad distinctio. Exercitationem esse aperiam et nam consectetur incidunt laudantium facere. Magni excepturi rerum corporis ut reiciendis nisi aut. Iste possimus qui rerum atque eligendi repudiandae necessitatibus aut.</p><p>Et quibusdam placeat animi est architecto possimus et. Animi non provident minus vel quod. Enim nisi qui est minima mollitia magnam dolorum voluptate. Optio minus atque voluptates quis esse omnis.</p>', '2019-03-12 18:17:17'),
(259, 63, 'Zacharie Valentin', '<p>Similique id consequuntur in dolorem aspernatur quisquam rerum. Amet qui neque neque unde at ipsum eaque. Amet non mollitia non veritatis illo quo. Deserunt et ullam vel unde nihil quis rerum veniam.</p><p>Tenetur et consectetur numquam hic doloremque. Ipsam neque vero itaque quia amet. Deserunt corporis pariatur corrupti accusamus nobis sit.</p>', '2019-02-24 10:56:28'),
(260, 64, 'Constance Hoarau', '<p>Nemo qui rerum sunt nisi quia corporis eos. Natus voluptate numquam asperiores sit molestiae. Ex rerum dignissimos explicabo quia. Quia consequatur eveniet tenetur non et nihil dolorum eius.</p><p>Aperiam temporibus velit velit nihil quia eum porro. Voluptatibus dolorem qui saepe rem. Tenetur ratione facere aut vel consequatur nobis odit.</p>', '2019-04-09 09:26:08'),
(261, 64, 'Jérôme-René Ferrand', '<p>Repudiandae vel eveniet possimus amet nemo natus nisi. Autem eligendi repellat consequuntur quaerat voluptas quia voluptate. Aut officia ut aut et eos perspiciatis tempora.</p><p>Enim corporis molestiae sit aperiam dicta dolores animi commodi. Tempora unde ad libero. Aspernatur cum autem et adipisci. Sapiente quisquam sequi ipsum alias qui.</p>', '2019-04-03 08:33:37'),
(262, 64, 'Zoé Teixeira-Paris', '<p>Esse eaque est laborum blanditiis vel unde illum autem. Laudantium illum ullam quam eaque quia voluptatibus. Nihil nulla voluptatem ab dolorum.</p><p>Recusandae sint id reprehenderit quia. Sit in quam nam hic possimus. Rerum consectetur et natus accusamus eius omnis quia. Dignissimos sed repellat officia illum dolores enim facilis. Quibusdam omnis minima reiciendis est et.</p>', '2019-04-13 07:02:31'),
(263, 64, 'Juliette Colas-Pottier', '<p>Veritatis consequuntur laudantium est id placeat. Velit quas possimus hic officiis. Amet nisi et dolorem consequuntur porro dicta. Ipsa odit recusandae et saepe et reprehenderit praesentium id.</p><p>Et temporibus repellendus nam error rerum recusandae minus. Eius rem aliquam ad voluptates. Omnis optio doloremque atque harum.</p>', '2019-04-09 21:13:28'),
(264, 64, 'Charlotte Thomas-Peron', '<p>Est inventore consequatur dignissimos odit nisi. Aut qui consectetur consectetur velit cupiditate dolor et. Consequatur non perspiciatis laborum libero ut. Enim non omnis et commodi itaque cumque.</p><p>Expedita sint ea est vero. Pariatur nam qui aliquid eos assumenda. Dignissimos aperiam impedit impedit ab. Ut dolore quia magnam voluptatem.</p>', '2019-04-24 16:30:05'),
(265, 64, 'Catherine-Valentine Pages', '<p>Exercitationem accusamus amet ab fugit sunt. Officia dolorem saepe velit nulla nostrum eius. Sit suscipit repellat pariatur tempora ad consequatur omnis ducimus.</p><p>Occaecati velit ad et omnis modi. Aut recusandae et qui pariatur aliquid ullam. Quibusdam accusamus deleniti quisquam ab.</p>', '2019-04-12 03:36:47'),
(266, 65, 'Danielle Denis', '<p>Dolor possimus voluptas accusantium qui consequatur reiciendis. Et quae dolorem eveniet aliquid doloribus in. Perspiciatis et assumenda aut laborum. Porro sed libero eum voluptates earum quia.</p><p>Minus pariatur animi ab et. Quis quisquam qui officia eos.</p>', '2019-03-24 14:33:15'),
(267, 65, 'Thomas-Laurent Marty', '<p>Nisi sint facere eum saepe eius quo. Laboriosam magni rerum aut rem sit deleniti. Quia earum sed qui hic.</p><p>Voluptates optio ullam alias. Dolores inventore a architecto dolorem quia illo officiis dolore. Reiciendis nisi temporibus qui animi. Quia soluta error nostrum a.</p>', '2019-02-26 02:14:20'),
(268, 65, 'Jacques de la Paul', '<p>Modi cumque et sit placeat culpa ut et libero. Rem dolorum vero assumenda soluta aspernatur voluptatem. Enim possimus dolorum laudantium et et.</p><p>Qui odio ratione maiores porro. Est ut vel minus. Similique sequi modi adipisci.</p>', '2019-03-31 14:13:11'),
(269, 65, 'Grégoire Mercier-Royer', '<p>Sint ipsam ab rem non odio corrupti. Consequatur tenetur eligendi debitis praesentium labore libero voluptates consequatur. Sequi exercitationem quo et nihil qui quia et quae. Mollitia animi non est sed fugit at.</p><p>Consequatur sit voluptas aperiam veritatis neque ipsum. Distinctio minima nostrum corrupti. Placeat maiores quo dignissimos nisi doloribus.</p>', '2019-02-13 08:32:12'),
(270, 65, 'Olivier Moulin', '<p>Qui repellat quae commodi quo ipsum. Rerum iusto porro rerum quo soluta. Sequi voluptas eos et ut. Consequatur rerum est autem sed quis sed.</p><p>Maiores quo repellendus dolorem fuga. Labore voluptatem tempore beatae odio.</p>', '2019-03-15 06:14:29'),
(271, 66, 'Alphonse Robert', '<p>Voluptatem optio laboriosam sit dignissimos error. Delectus ex velit minus animi qui consequatur. Corrupti doloribus qui quo. Aspernatur rerum quia qui quia magni optio.</p><p>Deleniti sit deleniti est. Minus aut qui iste. Debitis perspiciatis animi ipsa voluptatum. Perferendis eos qui adipisci libero veritatis.</p>', '2019-04-24 23:51:55'),
(272, 66, 'Margaud Fontaine', '<p>Error nisi perspiciatis esse impedit blanditiis aut non provident. Nesciunt in consequuntur saepe et soluta quos et. Excepturi eos cumque natus at voluptatem molestiae consectetur.</p><p>Sit aut cumque iure aliquid quidem. Veniam minima nobis necessitatibus mollitia saepe. Ut impedit ea earum ea provident possimus. Aperiam eius inventore aspernatur adipisci rem. Dolor expedita tenetur cupiditate facere.</p>', '2018-12-10 04:22:27'),
(273, 66, 'Christine-Josette Charpentier', '<p>Dolore ab perspiciatis sed perspiciatis officia earum eligendi. Assumenda voluptatem aliquam rerum libero. Rem eveniet numquam saepe reprehenderit dicta omnis iusto beatae. Aliquid ut ab earum nihil commodi ea at enim.</p><p>Earum voluptatem et neque quis. Unde voluptate atque illum voluptatem voluptas qui rerum. Tempora veritatis odio qui iure sunt laborum distinctio.</p>', '2019-02-03 04:29:22'),
(274, 66, 'Frédéric Sauvage', '<p>Tempora ut minus autem aut dolores nesciunt rerum. Odit voluptate occaecati et ex et iste corporis. Est occaecati est aut a consequatur consequuntur veniam.</p><p>Ipsum odit voluptatem ab rerum. Sequi deserunt accusamus alias eaque. Natus iure corrupti ipsam.</p>', '2018-12-09 15:06:12'),
(275, 66, 'Aurore Faivre-Jean', '<p>Impedit nobis et beatae odit delectus eveniet praesentium. Ex voluptas eligendi molestiae nobis modi ipsum aut. Ullam eius aut id quia et aspernatur et doloremque. Voluptates debitis reprehenderit molestiae consequatur dolorem necessitatibus enim.</p><p>At tenetur labore quia in quis omnis omnis qui. Reprehenderit totam aut sapiente quis est. Impedit unde dignissimos placeat nobis.</p>', '2019-04-20 14:37:25'),
(276, 67, 'Maurice Riviere', '<p>Qui reiciendis vel ipsam quas repudiandae. Exercitationem et aut doloremque ratione illo eum. Voluptates eaque vel fugit consequatur.</p><p>Omnis qui aut consequatur et quia doloremque. Accusamus temporibus molestias iste dignissimos. Corrupti nihil sint vitae ex dolores repudiandae.</p>', '2019-04-24 16:23:16'),
(277, 67, 'Olivier Gillet', '<p>Ducimus eius dolores enim ab perspiciatis sint maxime. Ipsa amet ad omnis corporis. Repellendus aliquam nemo doloribus. Repellat sit in perferendis voluptatum omnis.</p><p>Sed omnis molestias quo laboriosam omnis odit rem. Ex sunt cum ipsa voluptates. Nesciunt vel sint saepe odit.</p>', '2019-04-02 03:00:44'),
(278, 67, 'Gabrielle Rodrigues', '<p>Non qui est rerum dolor similique repellat. Sunt sapiente distinctio iure consequatur quod sunt ut at. Excepturi minus in nesciunt. Et omnis autem blanditiis est commodi aspernatur esse.</p><p>Quo eos id vel inventore accusantium optio quia. Aliquid omnis non corporis nam ratione voluptates pariatur. Voluptas maiores dolorem occaecati ea fugiat ratione eos. Asperiores sunt consequatur laboriosam culpa asperiores nesciunt.</p>', '2019-04-03 03:48:06'),
(279, 67, 'Adrienne Dufour', '<p>Fugit perspiciatis et voluptates id. Aut eos saepe nostrum quisquam unde voluptas. Quo ut nam molestiae aut nostrum. Aut aut nisi quo quaerat.</p><p>Est itaque in vel quas dolore alias. Voluptate ut reiciendis pariatur repudiandae optio vitae amet libero. Dolor earum quisquam quia autem sit. Quo rerum iste occaecati natus labore quidem non.</p>', '2019-04-25 04:56:05'),
(280, 68, 'Nathalie de Remy', '<p>Harum expedita natus voluptates quia aut. Sint et non dolores et. Repellat magni at voluptas et.</p><p>Dolor debitis inventore velit sit odio quia accusamus. Voluptas non aut dolores omnis consequatur tenetur. Facilis consequatur saepe nemo repellat.</p>', '2019-03-13 13:13:07'),
(281, 68, 'Manon Chevallier-Roger', '<p>Ut quibusdam est ea nisi sunt. Provident qui dolorem aliquam voluptatem quaerat reiciendis. Minus et rem aspernatur. Nulla deserunt quam modi aspernatur ut minima voluptatem non.</p><p>Eos ipsam magni non quam ut. Quaerat ex corrupti ut mollitia. Recusandae ullam et in asperiores eos unde modi blanditiis.</p>', '2019-03-21 02:57:15'),
(282, 68, 'Lucas Pereira-Faivre', '<p>Cum dolores porro alias suscipit et illo nesciunt. Aliquid non enim officiis qui. Et iste saepe in accusantium asperiores. Porro totam iusto vel omnis inventore autem.</p><p>Perspiciatis laborum qui et vitae pariatur at. Amet quia nemo numquam mollitia nisi explicabo. Sit architecto in ut. Modi accusantium maxime nihil iusto corrupti delectus et.</p>', '2019-02-07 18:48:31'),
(283, 68, 'Isaac du Charrier', '<p>Delectus id fuga delectus eligendi explicabo quasi voluptatem omnis. Libero sed error at dolores sed soluta natus magni. Et aut et quis et. Porro reiciendis vel exercitationem aut illum. Voluptas accusamus saepe nesciunt officia.</p><p>Corrupti et sint ut doloribus voluptatem voluptatem unde. Distinctio tempore sunt doloribus molestiae perspiciatis modi rerum. Hic unde ducimus velit voluptas. Pariatur rerum velit ea temporibus.</p>', '2018-12-24 20:05:09'),
(284, 68, 'Théodore Marion', '<p>Unde quo deserunt sit vel ipsa corporis. Qui perspiciatis magni enim consequatur.</p><p>Reiciendis et quas enim natus aut sequi inventore. Et et rerum quae voluptates. Nisi rerum nemo qui quia explicabo.</p>', '2019-04-01 09:43:47'),
(285, 68, 'Grégoire Lecomte', '<p>Eum aut cum est accusantium. Omnis vel et explicabo eveniet inventore corrupti consequuntur voluptates. Ad nihil cumque quo est aliquid. Et laboriosam at ullam a assumenda non maxime pariatur.</p><p>Quo quas qui eaque consequuntur atque odit amet. Adipisci recusandae neque doloribus quo quae necessitatibus veniam. Voluptate voluptatem libero excepturi voluptate qui.</p>', '2019-03-13 05:29:36'),
(286, 69, 'Jules Thibault-Bazin', '<p>Laboriosam ex quam rerum nemo dolorum omnis. Rerum exercitationem tempora non ut qui optio. Et eveniet sunt quod ratione voluptas quaerat inventore et. Et placeat necessitatibus et.</p><p>Cupiditate qui nihil quae mollitia ea quisquam est aut. Reiciendis id unde dolor praesentium dolores quae. Ut deserunt voluptas ut eveniet quisquam.</p>', '2019-02-03 11:35:12'),
(287, 69, 'Denis Lenoir', '<p>Consequatur et qui eius quam et at et voluptatum. Perspiciatis et quo sit explicabo consequatur sunt magnam. Porro vel velit aut dolor consequatur adipisci.</p><p>Incidunt nisi minus sed occaecati nisi. Cupiditate voluptatem animi perferendis velit. Vel tenetur est est.</p>', '2019-01-14 17:39:50'),
(288, 69, 'Juliette Etienne', '<p>Assumenda vel nulla qui deserunt tempore minus cum totam. Commodi vero ut tempora dicta et rerum occaecati. Minima amet et quia. Occaecati unde omnis voluptatem aliquid quia. Numquam et doloremque atque voluptatem.</p><p>Velit odio consequatur voluptatem odit. Magni aut et expedita porro eos aut enim. Sit placeat deserunt rerum rerum sint nesciunt. Quis deserunt in delectus aperiam. Quis voluptatem voluptatum quia qui.</p>', '2019-03-05 02:40:48'),
(289, 69, 'Théophile Francois', '<p>Maxime voluptatem pariatur nulla vel deleniti et. Error placeat animi quo magni. Neque sit magni architecto rerum. Ipsam temporibus sequi libero rerum.</p><p>Qui architecto commodi sed temporibus qui necessitatibus aut. Et dicta et nihil et ut pariatur voluptate sunt. Aut molestias dolore velit. Itaque nam quasi corrupti velit.</p>', '2018-12-27 22:44:17'),
(290, 69, 'Constance Brunet', '<p>Autem fugit sequi nam quia doloribus maxime. Nihil ut voluptates delectus quia eius praesentium voluptatem. Dolorem voluptas praesentium quia aut hic error.</p><p>Numquam qui hic dolorem rerum eveniet non. Non aliquam aliquid sequi fugit sunt. Occaecati quo consequatur culpa impedit magni repudiandae.</p>', '2019-04-13 11:18:05'),
(291, 69, 'Caroline-Élodie Remy', '<p>Delectus dignissimos iusto voluptates quis iusto sequi et. Maxime distinctio porro assumenda consequatur quae magni et cum. Doloribus nisi et architecto dolores beatae rerum qui. Ullam eos omnis non a eos consequatur.</p><p>Aliquid consequatur aut aspernatur dignissimos fugiat natus quidem dolor. Voluptas delectus ad praesentium qui. Dolor ipsum nobis omnis fugit. Eum et quia rerum dolorem consectetur error esse.</p>', '2019-03-25 22:20:21'),
(292, 70, 'David Bigot', '<p>Deserunt unde dolor qui quasi aspernatur. Officiis molestiae ad nostrum vel ducimus consequatur. Blanditiis dolorem est cupiditate reiciendis nihil. Architecto aut eos et rem nihil error molestias nostrum. Et officia quod modi iusto facere rem ut.</p><p>Corrupti accusantium modi repellendus exercitationem. Consectetur facilis deleniti praesentium eveniet. Consequatur eos facere tempora ut laborum neque.</p>', '2019-02-16 08:23:24'),
(293, 70, 'Constance de Ramos', '<p>Facilis dolorem reiciendis quae eum at. Alias id voluptas placeat id nesciunt unde sunt. Ipsam vero debitis ratione praesentium dolor architecto. Nisi nemo ad suscipit molestiae unde cumque. Similique consequuntur voluptate vero dolore eum.</p><p>Nobis ea cupiditate deleniti consequuntur corporis cum nesciunt. Quam aut modi inventore. Fugiat veritatis deserunt sapiente ex natus quibusdam dolorem.</p>', '2019-02-11 17:39:14'),
(294, 70, 'Benoît-Adrien Lemaire', '<p>Laborum recusandae illum veniam eius aut quia voluptatem. Omnis possimus nesciunt culpa qui et vero. Odio ipsa laboriosam sint et eligendi vel. Quo occaecati voluptas rerum autem ipsum. Accusantium qui illo inventore nobis consequatur dolor.</p><p>Est odit adipisci sit repudiandae quas. Aliquid deserunt neque tempore sapiente doloribus sunt in. Dolor quo inventore quasi culpa in perferendis. Ut ullam sapiente cumque fugiat et maxime praesentium. Autem eaque voluptatem omnis eum ab.</p>', '2019-02-05 23:41:14'),
(295, 70, 'Guy De Sousa', '<p>Dolore aut ea consequatur molestiae iusto vel. Temporibus optio qui saepe hic cupiditate id odio. Debitis sit et in quisquam nihil possimus. Fuga cum et et ea excepturi.</p><p>Est pariatur ullam dolorum rerum non placeat quisquam. Est nulla eius velit hic inventore id eos. Iste voluptates praesentium aspernatur officiis suscipit. Neque autem velit velit modi neque et consequatur architecto.</p>', '2019-01-28 19:12:18'),
(296, 70, 'Dominique Nguyen', '<p>Aperiam magni sit esse delectus voluptas earum. Dicta aliquid sed quos similique quaerat nobis ducimus. Facilis ducimus assumenda commodi quae. Harum a rerum saepe animi ad ex.</p><p>Molestiae quibusdam saepe officia autem quam. Praesentium sapiente corporis officiis quis aut neque at labore. Aut ut dolorem et reiciendis vero cum aliquam. Et ipsa voluptas unde qui nulla quis dolor quasi.</p>', '2019-03-17 08:35:00'),
(297, 71, 'Aurore Auger', '<p>Possimus ea voluptatem similique sit eum est. Reiciendis qui id tenetur. Delectus quia non ipsam voluptas. Ut voluptates ipsam qui aliquam est ut autem.</p><p>Tenetur veritatis quibusdam vero aut accusantium consectetur asperiores. Possimus sunt rerum necessitatibus quo dicta saepe delectus. Blanditiis illo quos voluptate laborum asperiores.</p>', '2019-03-17 11:17:50'),
(298, 71, 'Louise Laurent', '<p>Mollitia necessitatibus nemo molestiae. Ratione qui saepe autem nesciunt commodi culpa.</p><p>Accusamus temporibus animi fugit autem. Et unde ducimus esse. Necessitatibus iure quo molestiae consequatur consequatur.</p>', '2019-04-13 14:28:12'),
(299, 71, 'Pénélope Prevost', '<p>Repudiandae debitis suscipit aliquam quidem corporis repudiandae. Neque explicabo velit est nobis. Molestias consectetur impedit vel illum nostrum. Ut mollitia praesentium velit nisi.</p><p>Unde totam commodi vel sint. Voluptatibus a commodi eum rerum dolor eius. Asperiores incidunt laborum necessitatibus ex enim. Sunt harum sit sit sunt.</p>', '2019-04-03 00:13:53'),
(300, 71, 'Lucas Legrand', '<p>Sit deleniti a optio voluptatibus porro. Voluptatem ullam eveniet assumenda magnam ipsam aliquid.</p><p>Et quia reprehenderit eum dolorem similique dolor qui quisquam. A quia error ut qui. Eligendi quas eius dicta reprehenderit non harum in. Quo tenetur amet ea atque delectus magnam.</p>', '2019-04-18 12:13:16'),
(301, 71, 'Timothée de la Pires', '<p>Voluptas et reprehenderit adipisci quod. Dolores et qui reiciendis doloribus non quam. Sapiente minus rerum pariatur reiciendis.</p><p>Ut sit eum nesciunt accusantium. Optio doloremque laudantium quia magnam rem aperiam. Ex magnam eos cumque cupiditate velit.</p>', '2019-03-17 01:49:49'),
(302, 71, 'Emmanuelle Hamel', '<p>In similique aut est magnam qui quae excepturi. Enim vitae magnam quam omnis et et consequatur. Nobis animi reprehenderit asperiores magni in ad. Suscipit adipisci natus molestiae.</p><p>Repellat nulla voluptatem non et nihil quo provident. Quis maiores est et praesentium. Corporis aut nobis voluptatem repellat nesciunt. Quaerat architecto non minus reiciendis.</p>', '2019-03-30 06:16:52'),
(303, 71, 'Isabelle Leroux', '<p>Molestiae voluptatum culpa tempora ea est doloremque. Dignissimos aliquid odit necessitatibus et. Eum rerum non magni voluptatem in saepe est. Consectetur ullam facere provident nesciunt voluptate rerum mollitia.</p><p>Fugiat aut dolor aut at vel sit. Voluptate quos autem et. Ratione doloremque asperiores vel omnis. Molestias consectetur dignissimos laboriosam mollitia consequuntur quo.</p>', '2019-03-18 16:58:28'),
(304, 72, 'Tristan de la Marechal', '<p>Praesentium vitae et est voluptatem non. Repellendus ullam consequatur labore quidem similique. Culpa et nam iure excepturi nam. Iure rerum similique mollitia quia qui vel perferendis officiis.</p><p>Qui officia ullam et expedita sequi illum voluptas iusto. Quaerat adipisci eligendi labore sed dicta et repellat voluptatem. Quisquam eveniet vitae inventore ut dolores rerum est.</p>', '2019-02-07 23:32:44'),
(305, 72, 'Roland Gimenez-Morvan', '<p>Deserunt molestiae et atque omnis est. Et pariatur omnis tempore aliquam similique omnis. Officia enim eaque dolor et. Molestiae consequatur iure quia nesciunt.</p><p>Fugiat doloremque aliquam sed dolor aut tempore iste. Modi dolores quaerat est. Odit corporis iste autem non est odit pariatur.</p>', '2019-01-24 20:58:02'),
(306, 72, 'Joséphine Mallet', '<p>Veniam reprehenderit ut soluta soluta. Dolor corporis voluptatibus quia recusandae dolor similique qui. Quos quia eum sunt aspernatur quibusdam eos.</p><p>Pariatur voluptas vel earum libero esse rerum laboriosam. Deleniti vel ducimus doloremque nihil quis. Neque iste fugit sint aut aut.</p>', '2019-03-05 15:24:35'),
(307, 72, 'Jean Germain', '<p>Eius soluta incidunt eos sit ipsum illo. Blanditiis dolores aliquid iusto aperiam illum. Nulla officiis exercitationem similique dolores asperiores quibusdam in. Vero atque suscipit voluptatibus neque eaque et voluptatem. Ut quae et nam unde.</p><p>Quae sed quam voluptate. Facilis voluptatum expedita iusto ab. Animi animi in odit similique ad tempore delectus doloribus.</p>', '2018-12-30 17:21:11'),
(308, 72, 'Olivier De Sousa', '<p>Repellendus sapiente sed a odit ratione minima. Vitae voluptatem esse ut voluptatem quia. Enim omnis commodi magnam fugit nostrum consequatur.</p><p>Unde itaque ut quam. Et quis dolor sunt quo. Sapiente dolor ut reiciendis eum exercitationem voluptate neque magnam.</p>', '2019-02-26 05:56:27'),
(309, 73, 'Honoré Petitjean', '<p>Voluptatem quo expedita vero quia molestiae beatae. Recusandae quisquam vel omnis nihil. Perferendis cum qui dicta dolor praesentium. Laudantium quae aperiam sunt vel eaque quas saepe amet.</p><p>Culpa ut ea libero sit ipsa. Quo harum vel voluptatem. Odio architecto corrupti voluptas et eos excepturi.</p>', '2019-01-07 00:49:49'),
(310, 73, 'Sébastien Techer', '<p>Et labore distinctio quis perferendis reprehenderit enim. Quod quos quibusdam incidunt id magni possimus inventore consequatur. Corrupti eum consequatur culpa quibusdam sed ipsam quibusdam. Nihil quod rerum reiciendis distinctio omnis.</p><p>Aut dolor at cupiditate. Vel cupiditate voluptatem itaque vitae laboriosam impedit. Veniam asperiores recusandae nihil nihil repellat ut.</p>', '2019-02-24 20:10:06'),
(311, 73, 'Guy Barthelemy', '<p>Eum veniam cum recusandae ratione omnis eum veniam. Quia facilis laboriosam soluta nulla omnis omnis. Aut neque quasi qui sed laboriosam qui dolorum.</p><p>Sit similique culpa inventore omnis ut qui. Nam eveniet eligendi cumque cum dolorem exercitationem nisi. Aut tempora voluptas consectetur et nam eaque.</p>', '2019-03-25 00:27:07'),
(312, 73, 'Nath Bertin-Caron', '<p>Nemo est eius ipsum quaerat illum. Eos sed sapiente maxime dignissimos non.</p><p>Porro sunt cupiditate culpa corrupti. Officiis nam vel nesciunt provident et voluptas dolores. Incidunt asperiores ducimus rem.</p>', '2018-12-27 00:26:28'),
(313, 73, 'Arnaude du Blot', '<p>Voluptas sit dolores est repudiandae modi et dolore. Quo maiores et consequuntur reiciendis quaerat voluptatem aut labore.</p><p>Sit maiores debitis sint facilis nulla voluptas optio vitae. Esse non et fugit et officia aliquam. Qui quo numquam tempora et. Rerum tempore maiores qui hic nisi nisi. Tempora eaque ipsum autem et adipisci id.</p>', '2018-12-23 14:39:02'),
(314, 73, 'Alphonse Chretien', '<p>Eveniet eum molestiae asperiores ut facilis optio. Nemo vel neque cumque doloribus dignissimos recusandae. Rerum ea impedit est tempora laborum quod tempore. Mollitia sunt labore quam placeat.</p><p>Sunt aliquam sunt expedita iste iste vel. Maiores aspernatur accusantium ex ut qui laborum molestias commodi. Animi aut voluptas asperiores dolores.</p>', '2019-04-04 12:53:04'),
(315, 73, 'Colette Fabre', '<p>Modi omnis voluptatum saepe omnis voluptatum quis. Rerum ut magnam amet voluptatem. Quo illo odio similique at quia. Ducimus quo repudiandae ut mollitia eaque. Qui similique aut dolorum voluptatibus nam voluptatum.</p><p>Asperiores saepe assumenda in rem fugit. Ex maiores ut delectus molestiae tempore esse quia. Placeat quos quae et dolorem quidem numquam. Dolore delectus voluptatem pariatur quia voluptas facere.</p>', '2018-12-01 14:13:12'),
(316, 73, 'Zoé Potier', '<p>Tempore est ex et quia repellendus. Voluptas nobis esse alias quod aliquam. Ut consectetur debitis unde velit. Rerum ex et voluptas dolor quos fugit et nostrum.</p><p>Cupiditate quas autem facilis vel. Aut aperiam fuga aliquam laboriosam a et et. Iure iste ipsam aut dolorum at et rerum alias. Molestiae accusamus excepturi esse quia ut cumque.</p>', '2019-03-15 18:05:41'),
(317, 74, 'Robert Lopes', '<p>Temporibus nihil dolorum quae ut placeat eveniet minima. Dolore eaque delectus est quidem sit a quidem.</p><p>Laborum aliquam non veritatis. Amet et alias libero rem voluptatem. At non quas distinctio.</p>', '2019-02-08 03:44:46'),
(318, 74, 'Hugues Le Legrand', '<p>Et nihil commodi deserunt beatae esse. Qui similique dolorum dolores voluptas sint ut repudiandae recusandae. Harum iste laborum animi quasi omnis.</p><p>Pariatur nihil et nostrum debitis omnis repudiandae quae. Ea nulla qui consequatur. Consectetur laboriosam harum aut reprehenderit eos quia perspiciatis.</p>', '2019-01-21 16:12:23'),
(319, 74, 'Nicole De Oliveira', '<p>Necessitatibus occaecati reprehenderit animi iure numquam possimus. Quis voluptatem qui rem consequatur. Saepe odit id molestiae ratione.</p><p>Qui vero quas qui autem omnis aut natus. Necessitatibus eaque hic voluptatem cupiditate labore. Excepturi beatae laudantium et.</p>', '2019-02-18 03:30:57'),
(320, 74, 'Vincent Bernier', '<p>Nemo consequatur ea adipisci sit aut. Voluptatem molestiae sit sit et. Quam eos aut velit.</p><p>Atque quo aliquam non rem. Ea doloremque aut soluta porro. Quae veritatis atque nihil et.</p>', '2019-03-23 20:39:44'),
(321, 74, 'Adèle Legros', '<p>Delectus rerum omnis quas quibusdam ut maiores rerum. Repudiandae dignissimos laborum qui. Eligendi praesentium nihil vero est placeat.</p><p>Ut ea dolorem rerum quia dolorum ut. Illum beatae voluptas officiis. Quasi aperiam qui sed consequatur. Ad dolor rerum ipsum consequatur animi.</p>', '2019-01-30 11:51:01'),
(322, 75, 'Léon Ramos-Mendes', '<p>Magni ut distinctio consectetur aut culpa. Quia inventore autem aspernatur qui sed. Quibusdam corrupti animi commodi et quae porro.</p><p>Aut laborum nulla quo magnam aliquid quibusdam. Deleniti enim rerum velit nihil quia commodi id. Voluptatum fuga qui sed alias voluptatum enim qui. Aut ipsa quis harum ab dolor qui.</p>', '2019-03-22 08:19:44'),
(323, 75, 'Louis Gillet', '<p>Nisi enim mollitia et incidunt est eum. Voluptates esse facere vel. Quod est odit consequatur. Quia asperiores minus ut quae dolor. Aut et voluptates velit delectus.</p><p>Quam reprehenderit et nemo voluptatem soluta magnam maiores. Molestiae repellat inventore ab. Qui placeat placeat non.</p>', '2019-03-23 22:11:17'),
(324, 75, 'Agnès Richard', '<p>Reprehenderit et veniam dolore neque sit sequi ut. Voluptas atque totam voluptatem expedita nam nihil. Qui nihil et illum corporis. Reprehenderit eaque nesciunt minima voluptates voluptatem. Distinctio ullam nam laborum ad.</p><p>Voluptatem nihil et qui. Enim sunt hic expedita eos voluptatum sit. Autem alias quo earum nulla. Corrupti mollitia nam omnis enim quas.</p>', '2019-04-14 19:00:15'),
(325, 75, 'Michèle Martin', '<p>Voluptas voluptas quia dolores harum deleniti. Eligendi ut laboriosam blanditiis quo voluptatem. Dolor rem quidem numquam architecto et fuga quo. Nam qui iusto itaque ex.</p><p>Eveniet quasi culpa molestiae. Quisquam assumenda rem sequi porro quam distinctio. Eos dolorem voluptatum qui quae omnis eum.</p>', '2019-04-04 23:05:14'),
(326, 75, 'Océane Fabre', '<p>Et dolores tempora necessitatibus possimus qui dolorem. Ducimus nulla et sunt deleniti sint aut. Est rem ducimus assumenda eligendi ut dicta aut voluptatum.</p><p>Et laboriosam voluptatum id quae omnis. Ducimus velit possimus laborum. Eum enim similique inventore reiciendis facilis.</p>', '2019-04-20 11:44:26'),
(327, 75, 'Martin-Julien Gomez', '<p>Hic laboriosam impedit cumque architecto veritatis. Temporibus sed voluptatem reiciendis nulla non nostrum voluptate voluptatem. Debitis et voluptatum aperiam est velit. Vero illum rerum fugit praesentium et illum nesciunt.</p><p>A omnis ut odit et. Non ut possimus quas harum et rerum. Sit distinctio ducimus quas sed voluptatum id expedita. Et nam hic corrupti suscipit.</p>', '2019-04-18 01:42:38'),
(328, 75, 'Alexandre Dumont', '<p>Libero harum soluta laborum sit occaecati nihil. Optio dolores tenetur eligendi suscipit repellat fuga. Assumenda molestiae nulla cumque architecto.</p><p>Voluptatem magni tempora quas quo dolores eaque. Esse accusantium et similique sed voluptas beatae quasi. Rerum omnis amet totam fugit saepe soluta.</p>', '2019-04-21 06:09:01'),
(329, 75, 'Roger-Éric Gosselin', '<p>Corporis asperiores expedita est dicta. Et quibusdam ut et. At est alias rem rerum magni temporibus omnis. Atque mollitia ut a et culpa.</p><p>Iste nostrum culpa mollitia unde explicabo illo. Rerum eaque officiis dolor excepturi eos iste cupiditate. Quo consequatur beatae reprehenderit dicta.</p>', '2019-03-29 13:17:35'),
(330, 75, 'Gilbert-Augustin Peltier', '<p>Accusamus minima est cupiditate architecto. Voluptas iusto recusandae sint doloremque ut maiores laudantium. Sit nihil sint reprehenderit dolores fugit libero accusantium. Autem et quisquam temporibus ab.</p><p>Voluptas deleniti excepturi corrupti beatae. Ipsa nihil aliquid tempore numquam molestias. Quam temporibus eligendi ipsum. Corrupti aut veniam suscipit libero.</p>', '2019-03-30 15:09:55'),
(331, 76, 'Adrien Hamel-Valentin', '<p>Modi fugiat odio accusantium et quasi et mollitia ut. Eum et totam esse. Blanditiis tempore aperiam aut non magnam aut sequi. Debitis cum rerum et.</p><p>Accusamus quasi ab esse. Velit ducimus molestias aut. Dolor esse maxime qui eaque ullam quam. Quibusdam dolor eos ut quaerat. Mollitia delectus numquam et accusamus.</p>', '2019-02-25 09:34:27'),
(332, 76, 'Amélie Roussel-Roux', '<p>Maiores facere possimus provident omnis illum aut. Neque eveniet aut quaerat ut neque et adipisci. Nulla quam fugit corrupti voluptas a. Dolor sit vitae enim pariatur laudantium numquam.</p><p>Non quia sint quidem vero sapiente rerum. Tenetur aut quis repellendus in consequuntur et. Ad molestiae ullam ut odit dolorum. Culpa esse soluta error nostrum et.</p>', '2019-03-28 06:33:22'),
(333, 76, 'Olivie Legros', '<p>Veniam quisquam suscipit eaque rerum voluptate. Accusantium unde a eaque hic sed tempore fugit.</p><p>Fugit enim provident sed sint velit reiciendis eum. Provident qui in atque. Dignissimos dolor et nihil est consequatur corporis. Velit commodi ratione sint sint. Voluptate sapiente non sint.</p>', '2019-01-22 16:45:09'),
(334, 76, 'Georges de la Collet', '<p>Vitae iure fuga doloremque. Officiis error reprehenderit velit vel. Voluptatem quo non voluptatem rerum sed aut. Commodi vel accusantium assumenda debitis nulla sed dolorem. Quo sit similique voluptas omnis.</p><p>Necessitatibus nulla iusto dolorem. Dolor corporis ea adipisci dicta soluta pariatur. Sint saepe dignissimos doloribus molestias neque quam. Eveniet ad maxime corrupti.</p>', '2019-03-22 19:03:35'),
(335, 76, 'Christophe Valentin', '<p>Qui cumque at modi libero quas qui perspiciatis dignissimos. Deserunt aut excepturi molestiae officiis. Et in quas quo laudantium aut. Ut dolorem non nostrum adipisci a ut.</p><p>Aut suscipit quo placeat suscipit aut hic enim. Enim consequuntur nulla illo rerum maxime aut. Aut est qui aliquam ratione velit ratione et.</p>', '2019-01-14 14:56:08'),
(336, 77, 'Bertrand Pons', '<p>Vel modi voluptate in voluptas hic rerum. Eaque ratione adipisci deserunt officiis doloribus ipsa quia reprehenderit. A quis quos et id. Numquam qui sunt veniam omnis dolore laborum. Fugiat quis accusantium voluptate sint praesentium.</p><p>Aspernatur velit soluta est quasi at nam. Saepe hic odio ipsam ratione fuga magni qui. Vero voluptatem ipsum qui impedit in. Dignissimos id voluptates rerum.</p>', '2019-03-03 06:06:56'),
(337, 77, 'Brigitte Evrard', '<p>Officiis ea labore voluptas quidem. Aut similique delectus nobis ut voluptatibus qui possimus.</p><p>Tempore molestiae minima ut libero hic. Nulla voluptatem voluptas corrupti libero. Ut pariatur dignissimos quia aspernatur esse. Magnam rerum aperiam et quis sint maiores voluptatum.</p>', '2019-02-28 21:58:53'),
(338, 77, 'Pénélope Pichon', '<p>Consequuntur voluptatem voluptas et est. Quae beatae et omnis non est adipisci quidem. Sit in hic veritatis reiciendis.</p><p>Consequatur quaerat ipsam praesentium non et enim repellendus. Beatae animi esse fugiat et. Ab omnis dignissimos et.</p>', '2019-03-07 03:12:56'),
(339, 77, 'Bernadette Vidal', '<p>Consequuntur quod mollitia perspiciatis maiores quia est. Veniam voluptate dolor amet consequatur.</p><p>Iusto maiores nulla et nihil omnis. Autem sunt eaque cupiditate aut at non. Aut culpa dignissimos natus rerum est quia voluptas. Tenetur qui quia asperiores doloribus quis qui ipsum.</p>', '2019-03-13 06:19:26'),
(340, 77, 'Margot Maillet', '<p>Expedita veritatis dolorem quas voluptas voluptatum harum beatae molestiae. Odit voluptatibus voluptatem eligendi ut.</p><p>Harum culpa aut modi vitae. Doloremque nostrum quibusdam ipsum repellendus sint. Nihil beatae voluptatem voluptatem voluptas. Voluptatibus aut eum iste deserunt vel eligendi.</p>', '2019-02-19 07:04:10'),
(341, 77, 'Élodie-Sophie Morvan', '<p>Provident et quae ea non iure itaque quo. Qui atque asperiores laudantium qui nihil. Est minus enim adipisci. Et reprehenderit itaque voluptatum itaque consectetur.</p><p>Temporibus ex numquam ipsum in voluptatem quas. Nesciunt et est dolores voluptatem voluptatem et placeat. Velit tempora omnis numquam ex.</p>', '2019-04-04 10:36:54'),
(342, 77, 'Julie Leclercq-Sanchez', '<p>Quidem autem quod nulla delectus at minus eos. Voluptas maxime in magni autem placeat aut voluptate. Et quod et alias odio ut. Autem nesciunt cupiditate temporibus nesciunt est nihil pariatur aperiam.</p><p>Placeat nisi velit excepturi. Atque repudiandae nobis sint non. Possimus vel voluptates aut.</p>', '2019-04-02 16:51:30'),
(343, 78, 'Patricia Vallee', '<p>Qui rerum aperiam optio fuga ducimus. Asperiores eveniet est repudiandae praesentium laboriosam. Occaecati ut voluptatem amet necessitatibus ipsum et.</p><p>Voluptatibus minus eligendi quia debitis quos magni qui commodi. Est cupiditate natus neque tempore. Aut quia ipsa perferendis dolorem provident sed consequatur dolorem.</p>', '2019-03-27 05:18:59'),
(344, 78, 'Thibault-Étienne Da Silva', '<p>Sint modi cum et et quo quos. Incidunt omnis aperiam et repellat eaque error voluptatem. Consequatur sit ut ut eligendi. Omnis nihil quibusdam et minima officia qui.</p><p>Maxime quia eos saepe ut voluptatem natus sequi. Non reprehenderit vel sunt aut consequuntur dolores non. Dolores dolor consectetur aliquam aut est et rem.</p>', '2019-04-11 13:29:36'),
(345, 78, 'Amélie Marchand', '<p>Et et magnam voluptatibus ut rerum. Nobis possimus quis et. Iure omnis quam eos recusandae consequatur qui maxime. Autem quia debitis voluptas aliquam rerum vitae fugiat.</p><p>Amet iure deleniti assumenda aut et est molestiae eligendi. Et totam quia distinctio. Mollitia id ut velit nostrum esse officia consequuntur aut.</p>', '2019-03-31 04:11:34'),
(346, 78, 'Josette-Élodie Lefort', '<p>Ducimus culpa dolorum corporis et et reiciendis voluptate. Nobis est quidem blanditiis explicabo. Et quo odit ipsum ut cumque quas. Incidunt illum consequuntur molestiae.</p><p>Nulla totam necessitatibus voluptatum inventore aliquam. Nesciunt et a vel. Delectus totam saepe voluptas et.</p>', '2019-03-28 23:37:39'),
(347, 78, 'Christophe Herve', '<p>Modi omnis officiis provident blanditiis ipsa accusamus. Eos assumenda soluta vel. Asperiores ducimus molestiae blanditiis illum architecto aliquam. Sint enim quam rem autem.</p><p>Excepturi sapiente animi optio molestias sunt molestiae. Est rerum maxime voluptatibus ut ea enim reprehenderit quia. Eum occaecati quasi excepturi sit dolores distinctio. Cupiditate et saepe qui quia illum. Fuga quo eius sit animi quia voluptatem.</p>', '2019-03-14 03:27:34');

-- --------------------------------------------------------

--
-- Structure de la table `image`
--

DROP TABLE IF EXISTS `image`;
CREATE TABLE IF NOT EXISTS `image` (
  `id` int(11) NOT NULL AUTO_INCREMENT,
  `name` varchar(255) COLLATE utf8mb4_unicode_ci DEFAULT NULL,
  PRIMARY KEY (`id`)
) ENGINE=InnoDB AUTO_INCREMENT=6 DEFAULT CHARSET=utf8mb4 COLLATE=utf8mb4_unicode_ci;

-- --------------------------------------------------------

--
-- Structure de la table `migration_versions`
--

DROP TABLE IF EXISTS `migration_versions`;
CREATE TABLE IF NOT EXISTS `migration_versions` (
  `version` varchar(14) COLLATE utf8mb4_unicode_ci NOT NULL,
  `executed_at` datetime NOT NULL COMMENT '(DC2Type:datetime_immutable)',
  PRIMARY KEY (`version`)
) ENGINE=InnoDB DEFAULT CHARSET=utf8mb4 COLLATE=utf8mb4_unicode_ci;

--
-- Déchargement des données de la table `migration_versions`
--

INSERT INTO `migration_versions` (`version`, `executed_at`) VALUES
('20190417175103', '2019-04-17 17:51:49'),
('20190418204610', '2019-04-18 20:49:42'),
('20190418210005', '2019-04-18 21:00:40'),
('20190419082106', '2019-04-19 08:21:39'),
('20190421141008', '2019-04-21 14:10:47'),
('20190422170210', '2019-04-22 17:02:31'),
('20190425083720', '2019-04-25 08:37:42');

-- --------------------------------------------------------

--
-- Structure de la table `user`
--

DROP TABLE IF EXISTS `user`;
CREATE TABLE IF NOT EXISTS `user` (
  `id` int(11) NOT NULL AUTO_INCREMENT,
  `email` varchar(255) COLLATE utf8mb4_unicode_ci NOT NULL,
  `username` varchar(255) COLLATE utf8mb4_unicode_ci NOT NULL,
  `password` varchar(255) COLLATE utf8mb4_unicode_ci NOT NULL,
  `image_id` int(11) DEFAULT NULL,
  PRIMARY KEY (`id`),
  UNIQUE KEY `UNIQ_8D93D6493DA5256D` (`image_id`)
) ENGINE=InnoDB AUTO_INCREMENT=39 DEFAULT CHARSET=utf8mb4 COLLATE=utf8mb4_unicode_ci;

--
-- Déchargement des données de la table `user`
--

INSERT INTO `user` (`id`, `email`, `username`, `password`, `image_id`) VALUES
(28, 'patrick.peltier@mace.net', 'Manon du Bodin', '$2y$13$1VHmWkQsWHztJOZlSmOOK.fd/GWJzjVEb32FD7MdMM9hM8Hn2kJS.', NULL),
(29, 'ndupont@briand.fr', 'Antoine Rodriguez', '$2y$13$HYr3cZfGFB4RSEHHx784ve8g3TDcmEbFxmLMZoXhG26JNuRpO2.Di', NULL),
(30, 'emmanuel.simon@dbmail.com', 'Marcelle Besnard', '$2y$13$sjfsqfom.cG7d8.gPQiPa.EkiKHhkdqGTtfmqlbSKrJ3ushx.b5Gq', NULL),
(31, 'edith25@bouygtel.fr', 'Lucas Gaillard', '$2y$13$94mA/oohi7vIDRst9pwM1eqF31iO.rwRR.5BAoZNnMaYt7BvpMYV6', NULL),
(32, 'claudine.fontaine@tele2.fr', 'Roger Clement', '$2y$13$su28ESRAbGM7qBicM2U1XOTPzuPYXZcdccEVh6S6LEdD9yvMnGIHa', NULL),
(33, 'adrien92@riou.com', 'Maryse Gilles-Jean', '$2y$13$qe62EK4sdKMrtKEcDYHTR.NJxAIx9uUUWbQdB0/7RW4lbfk3sVO2m', NULL),
(34, 'rene.gauthier@levy.org', 'Madeleine Cousin-Fournier', '$2y$13$claDCqoYjmI50dg3L2R3wu8L4dt/SOWxflFN/dABtX7lkz.b0mFr6', NULL),
(35, 'michelle.thomas@gmail.com', 'Georges Pelletier', '$2y$13$dJk1AYbpVdOYL.HJehXXle4.sR8F487xw/eKlBSEFG30s4dk7YrZO', NULL),
(36, 'marguerite83@club-internet.fr', 'Christophe Becker', '$2y$13$DjHyTM/Uw/DPGPvrPc.EFOqnW2hivoEPhdZ29/fvQMriA1w6WReGi', NULL),
(37, 'obesson@pineau.org', 'Marie Reynaud', '$2y$13$RN2RwllAzk1iik5GxB9i1.Xpsd8TjvGKxqQKCNmGwEElbYC3reK02', NULL);

--
-- Contraintes pour les tables déchargées
--

--
-- Contraintes pour la table `article`
--
ALTER TABLE `article`
  ADD CONSTRAINT `FK_23A0E6612469DE2` FOREIGN KEY (`category_id`) REFERENCES `category` (`id`),
  ADD CONSTRAINT `FK_23A0E663DA5256D` FOREIGN KEY (`image_id`) REFERENCES `image` (`id`);

--
-- Contraintes pour la table `article_like`
--
ALTER TABLE `article_like`
  ADD CONSTRAINT `FK_1C21C7B27294869C` FOREIGN KEY (`article_id`) REFERENCES `article` (`id`),
  ADD CONSTRAINT `FK_1C21C7B2A76ED395` FOREIGN KEY (`user_id`) REFERENCES `user` (`id`);

--
-- Contraintes pour la table `comment`
--
ALTER TABLE `comment`
  ADD CONSTRAINT `FK_9474526C7294869C` FOREIGN KEY (`article_id`) REFERENCES `article` (`id`);

--
-- Contraintes pour la table `user`
--
ALTER TABLE `user`
  ADD CONSTRAINT `FK_8D93D6493DA5256D` FOREIGN KEY (`image_id`) REFERENCES `image` (`id`);
COMMIT;

/*!40101 SET CHARACTER_SET_CLIENT=@OLD_CHARACTER_SET_CLIENT */;
/*!40101 SET CHARACTER_SET_RESULTS=@OLD_CHARACTER_SET_RESULTS */;
/*!40101 SET COLLATION_CONNECTION=@OLD_COLLATION_CONNECTION */;
